<?xml version="1.0" encoding="utf-8"?>
<rss version="2.0" xmlns:sparkle="http://www.andymatuschak.org/xml-namespaces/sparkle" xmlns:dc="http://purl.org/dc/elements/1.1/">
    <channel>
        <title>Your Great App's Changelog</title>
        <description>Most recent changes with links to updates.</description>
        <language>en</language>
        <item>
            <title>Version 2.0 (2 bugs fixed; 3 new features)</title>
            <sparkle:releaseNotesLink>
                https://github.com/moqjun/TestSparkle/blob/master/SampleAppcast.xml
            </sparkle:releaseNotesLink>
            <pubDate>Wed, 09 Jan 2018 19:20:11 +0000</pubDate>
            <enclosure url="http://www.xp-pen.com.cn/upload/download/20180110/XP-PenMac(20180110).zip" sparkle:version="3.0" length="1623481" type="application/octet-stream" sparkle:dsaSignature="MC0CFGG6pmPWCWbfVnx5OsLV9eX5APT8AhUAgAjZYmhQihmak8VGkOQAv9kSjFE" />
            <sparkle:minimumSystemVersion>10.7</sparkle:minimumSystemVersion>
        </item>
        <item>
            <title>Version 1.0 (1 bugs fixed; 3 new features)</title>
            <sparkle:releaseNotesLink>
                https://github.com/moqjun/TestSparkle/blob/master/SampleAppcast.xml
            </sparkle:releaseNotesLink>
            <pubDate>Wed, 09 Jan 2006 19:20:11 +0000</pubDate>
            <enclosure url="http://www.xp-pen.com.cn/upload/download/20180110/XP-PenMac(20180110).zip" sparkle:version="1.0" length="1623481" type="application/octet-stream" sparkle:dsaSignature="MC0CFGG6pmPWCWbfVnx5OsLV9eX5APT8AhUAgAjZYmhQihmak8VGkOQAv9kSjFE" />
            <sparkle:minimumSystemVersion>10.7</sparkle:minimumSystemVersion>
        </item>

    </channel>
</rss>
